Titre,Image,Prix,Catégorie,Fabricant,Rouen,Lille,Caen,Web
"ALIEN - décapsuleur Facehugger
",https://www.bazardubizarre.com/pub/media/catalog/product/cache/62bdbd1ef4aca77774e9252ca53129ae/1/0/x10018007-0.jpg.pagespeed.ic.PJ3RqXVAu9.jpg,10.90,Objets,FaNaTtiK,40,99,0,24
"Animal Crossing - Peluche Amiral le Kappa 20cm
",https://www.bazardubizarre.com/pub/media/catalog/product/cache/62bdbd1ef4aca77774e9252ca53129ae/1/0/x10023240-0.jpg.pagespeed.ic.7I3G8tZ84L.jpg,18.00,Objets,Little Buddy,3,6,2,1
"Animaux Fantastiques - Horloge murale Niveau de dangers
",https://www.bazardubizarre.com/pub/media/catalog/product/cache/62bdbd1ef4aca77774e9252ca53129ae/1/0/10022591-0.jpg,15.90,Objets,Pyramid International,1,3,2,1
"ASSASSIN'S CREED - Cache-clés PVC Crest
",https://www.bazardubizarre.com/pub/media/catalog/product/cache/62bdbd1ef4aca77774e9252ca53129ae/1/0/10009804-0.jpg,10.50,Objets,Abystyle,10,9,6,1
"Assassin's Creed - Chaussettes Symbole gris et blanc
",https://www.bazardubizarre.com/pub/media/catalog/product/cache/62bdbd1ef4aca77774e9252ca53129ae/1/0/x10022810-0.jpg.pagespeed.ic.wxX4D-hA6d.jpg,8.90,Objets,Abystyle,40,110,31,36
"ASSASSINATION CLASSROOM - Mug 3D - Koro Sensei
",https://www.bazardubizarre.com/pub/media/catalog/product/cache/62bdbd1ef4aca77774e9252ca53129ae/1/0/10004613-0.jpg,14.90,Objets,Abystyle,1,0,0,0
"ATTACK ON TITANS - poster Eren de dos
",https://www.bazardubizarre.com/pub/media/catalog/product/cache/62bdbd1ef4aca77774e9252ca53129ae/7/1/71982-0.jpg,7.50,Objets,Pyramid International,2,0,0,1
"Avengers : Endgame - Bouteille 500 ml or Gantelet d'infinité
",https://www.bazardubizarre.com/pub/media/catalog/product/cache/62bdbd1ef4aca77774e9252ca53129ae/1/0/10023852-0.jpg,24.90,Objets,Paladone,1,0,0,0
"BACK TO THE FUTUR - mug Dolorean
",https://www.bazardubizarre.com/pub/media/catalog/product/cache/62bdbd1ef4aca77774e9252ca53129ae/8/0/x80094-0.jpg.pagespeed.ic.S4Zt21amdB.jpg,10.90,Objets,Pyramid International,1,0,0,0
"ASSASSIN’S CREED - Mug 320 ml Abstergo (685)
",https://www.bazardubizarre.com/pub/media/catalog/product/cache/62bdbd1ef4aca77774e9252ca53129ae/1/0/10015886-0.jpg,9.90,Objets,Abystyle,2,2,0,1